url,services
https://www.cardinal+AC0-door.com/service+AC0-repair.php,1
https://airtech+AC0-hvac.com/about.html,1
https://aldantroygroup.com/about+AC0-us/,0
http://www.botaniex.com/company+AC0-profile/,0
http://botaniex.com/products/herbal+AC0-formula,1
https://brownsmachine.com/manufacturing/,1
https://brownsmachine.com/repair/,1
https://www.cmc+AC0-math.org/about+AC0-cmc,0
http://arcbotics.com/about/,1
http://arcbotics.com/products/,1
https://chemistry.com.pk/about+AC0-us/,0
https://www.crescentbox.com/products/corrugated.php,1
 https://www.crescentbox.com/services/graphics+AC0-design.php,1
http://blueorangeimages.co.uk/index.asp,1
http://batteryemporium.com/Listing/listing.html,1
http://animationeducatorsforum.org/about+AC0-us/,0
http://www.beecreative.me/+ACM-services,1
http://bowcliffellp.com/services/,1
http://www.bdsmktg.com/contact+AC0-us/,0
https://www.bdsmktg.com/solutions/research/,1
http://harmoninc.com/office+AC0-locations/,0
http://harmoninc.com/what+AC0-we+AC0-do/,1
https://www.alteryx.com/fr/contact+AC0-us,0
https://www.alteryx.com/solutions/industry,1
https://agtegra.com/Locations,0
https://www.agtegra.com/Agronomy+ACM-products+AC0-and+AC0-services,1
https://moaonline.org/offices/,0
http://museumca.org/contact+AC0-us,0
https://www.reddoor.biz/contact/,0
https://www.reddoor.biz/marketing+AC0-services/,1
https://www.co+AC0-alliance.com/locations/,0
https://www.co+AC0-alliance.com/about/,1
https://www.rrpartners.com/contact/,0
http://www.w2ogroup.com/contact/,0
https://www.w2ogroup.com/about/+ACM-services,1
http://www.wongdoody.com/about/,1
http://artmuseum.arizona.edu/contact,0
http://www.waltdisney.org/contact+AC0-us,0
https://tdhengineering.com/contact/,0
https://tdhengineering.com/what+AC0-we+AC0-do/industrial+AC0-hygiene/,1
https://tdhengineering.com/what+AC0-we+AC0-do/civil+AC0-engineering/,1
http://www.emkay.com/about,0
http://www.emkay.com/services/maintenance,1
http://www.emkay.com/services/fuel,1
https://www.bvp.com/contact/israel,0
https://www.hutsoninc.com/locations/,0
http://mckinney.com/contact,0
https://mckinney.com/about/,1
https://www.ceres.coop/Locations,0
https://www.avalon+AC0-ventures.com/contact,0
http://mblm.com/contact/,0
https://mblm.com/services/,1
https://videologygroup.com/contact,0
https://videologygroup.com/software/,1
https://sparkroom.com/contact/,0
http://www.huntington.org/about/,1
http://www.agency720.com/locations/,0
http://www.agency720.com/services/,1
https://umfa.utah.edu/index.php/contact,0
https://www.jdequipment.com/locations,0
https://www.mc+AC0-j.com/contact,0
https://www.mc+AC0-j.com/services,1
https://www.bolton+AC0-menk.com/contactus,0
https://www.bolton+AC0-menk.com/realsolutions,1
https://www.alteryx.com/contact+AC0-us,0
https://www.alteryx.com/solutions,1
https://www.bohanideas.com/info+AC0-contact,0
https://www.groundtruth.com/contact/,0
https://www.groundtruth.com/our+AC0-solutions/,1
https://bn.co/about/,0
https://bn.co/services/,1
http://ignitioncreative.com/about,1
https://www.setcreative.com/about,1
http://www.purered.net/about+AC0-us/,1
https://www.landmark.coop/contact+AC0-us/,0
https://www.landmark.coop/grain/,1
http://www.computerhistory.org/contact/,0
https://www.kalmbachfeeds.com/about,1
https://www.kalmbachfeeds.com/products/pets,1
http://www.empowermm.com/contact+AC0-us/,0
https://www.empowermm.com/about/,1
https://www.martinwilliams.com/contact/,0
https://www.martinwilliams.com/about+AC0-us/,1
https://www.crestmark.com/locations/,0
https://www.crestmark.com/industries+AC0-solutions/,1
https://www.sfmoma.org/about+AC0-site/,0
http://www.montalvoarts.org/directions/,0
https://www.bandangels.com/contact,0
http://mocha.org/about/staff+AC0-ta/,0
https://comcastventures.com/contact,0
http://www.dekalbschoolsga.org/contact/,0
https://www.sojern.com/contact/,0
https://www.sojern.com/media+AC0-solutions/,1
https://gykantler.com/locations/,0
https://gykantler.com/capabilities/,1
https://gykantler.com/capabilities/+ACM-CoreServices,1
https://www.whitehousepost.com/contact/,0
https://www.whitehousepost.com/about/,1
https://agencychief.com/contact,0
https://agencychief.com/capabilities,1
https://www.bvp.com/contact/westchester,0
https://www.bvp.com/strategy,1
https://www.bvp.com/financial+AC0-services,1
https://wehatesheep.com/about/,0
http://www.venablesbell.com/contact,0
http://www.venablesbell.com/about,1
https://www.slleonard.com/contact/,0
https://www.slleonard.com/expertise/,1
http://energy+AC0-1.net/contact/,0
http://energy+AC0-1.net/services/,1
https://www.museumofidaho.org/staff/,0
http://www.mlem.org/about/,0
https://www.mychildsmuseum.org/contact,0
http://cactusinc.com/contact/,0
https://bampfa.org/about/,0
http://bchistoricalmuseum.org/contact/,0
https://viamediatv.com/contact/,0
https://viamediatv.com/creative+AC0-services/,1
https://www.b+AC0-reel.com/contact,0
https://auroracoop.com/contact+AC0-us/,0
https://auroracoop.com/products+AC0-and+AC0-services/,1
https://heard.org/staff/,0
http://www.hirameng.com/services+AC0-2/,1
https://designgood.com/what+AC0-we+AC0-do/,1
http://www.dsidirect.com/index.php/pages/services,1
http://www.aimitwebsolutions.com/contact/,0
http://www.aimitwebsolutions.com/company/,1
https://companycheck.co.uk/aboutus,1
http://cheminsurance.com/aboutus.html,1
https://www.allvalleytransportation.com/services/,1
https://centralglass.com/commercial/,1
https://centralglass.com/residential/,1
http://www.hanabeecreative.com/services+AC0-1/,1
http://bibliocrunch.com/about+AC0-us/,1
https://bibliocrunch.com/pricing/,1
http://chassamrecruitment.co.uk/about/,1
https://www.capitalhottubs.com/services/,1
https://childrensmattressesonline.co.uk/about+AC0-us,1
https://akhcme.com/akhcme/pages/executive+AC0-summary,1
http://dermatologysouthwest.com/medical+AC0-services/,1
http://www.beyond+AC0-communications.co.uk/about/,1
http://getzwell.com/faqs/,1
http://atlantaveteyeclinic.com/services/,1
http://blueeyesconsulting.com/services/,1
http://athertonconstruction.com/services,1
https://artisandentalmadison.com/education/our+AC0-services/,1
https://www.bsigroup.com/en+AC0-GB/our+AC0-services/,1
http://addoncomputer.com/aboutus,1
http://amoexp.com/contactus.php,0
http://www.ane.qa/v6/pages/product/,1
http://www.ane.qa/v6/pages/services/,1
http://aoibri.com/pages/businessintelligence,1
http://www.apnait.ca/contact+AC0-us.php,0
http://www.apnait.ca/solutions.php,1
http://www.ar51.com/services/,1
http://arinet.com/contact/,0
https://arkenea.com/custom+AC0-software+AC0-development/,1
https://arm23.com/about+AC0-us/,1
https://www.arxan.com/professional+AC0-services,1
https://www.arxan.com/product,1
https://www.asp.md/contact/,0
http://astrocomp.com/contact.html,0
https://www.asp.md/+ACM-software,1
http://a+AC0-tum.com/company+AC0-managementteam.php,0
http://www.a+AC0-tum.com/services/,1
http://automap.us/contact+AC0-us.php,0
https://www.automap.us/flooring+AC0-solutions.php,1
https://www.avasoft.com/contact+AC0-us,0
https://www.avasoft.com/products+AC0-applications+AC0-landing,1
https://www.avasoft.com/solutions+AC0-of+AC0-avasoft,1
https://ava.co.uk/products.aspx,1
http://avum.com/index.php/avum+AC0-about/avum+AC0-contact+AC0-us,0
https://www.avum.com/solutions,1
https://www.avidtr.com/about/our+AC0-story/,0
https://www.axicor.com/industries/,1
http://b2f.pt/contact.html,0
http://b2f.pt/services.html,1
https://www.ayasdi.com/company/contact+AC0-us/,0
https://www.ayasdi.com/applications/,1
https://www.bar+AC0-ms.com/index.php,1
https://www.bcx.co.za/solutions/,1
https://www.bcx.co.za/locations,0
http://www.b+AC0-line.ca/en/solutions/,1
http://www.b+AC0-line.ca/en/solutions/managed+AC0-services/,1
https://www.blipic.co/contact+AC0-us/,0
http://harmoninc.com/office+AC0-locations/,0
http://harmoninc.com/projects/,1
https://www.brilliency.com/features/,1
http://www.bwise.com/about/offices,0
https://www.bwise.com/services,1
https://www.bwise.com/solutions,1
https://www.camo.com/platform/,1
https://www.cccis.com/about+AC0-ccc/,1
http://cdm.com.au/what+AC0-we+AC0-do/managed+AC0-services,1
https://www.cdwg.com/content/about/locations+AC0-maps+AC0-directions.aspx,0
https://www.cdwg.com/content/cdwg/en/solutions.html?,1
https://www.cebos.com/quality+AC0-management+AC0-products/,1
http://www.cenero.com/solutions/applications/,1
https://www.cloudbuy.com/solutions/solutions+AC0-overview.html,1
https://www.dxc.technology/services?ref+AD0-nmntop,1
